timestamp,title,categories,assets,sentiment,reasoning,analysis_source
2026-03-18 22:58:50,"The Wolfbox Trail Season sale drops prices on dash cams, jump starters, and more by up to 50%",AI Boom,"Nasdaq, Nvidia",Nasdaq:+0.15; Nvidia:+0.55,v2 deterministic ingestion | relevance=35 | flag=known,news_agent_v2
2026-03-18 22:58:50,Wall Street ends up as traders turn to US Fed,"Inflation, AI Boom","Gold, US10Y, USD, SP500, Nasdaq, Nvidia",Gold:+0.30; US10Y:+0.40; USD:+0.20; SP500:-0.30; Nasdaq:+0.40; Nvidia:+0.80,v2 deterministic ingestion | relevance=75 | flag=known,news_agent_v2
2026-03-18 22:58:50,Iran vets friendly ships for Hormuz passage: trackers,"Geopolitics, AI Boom","Oil, Gold, Defense Stocks, SP500, USD, Nasdaq, Nvidia",Oil:+0.70; Gold:+0.60; Defense Stocks:+0.70; SP500:-0.60; USD:+0.30; Nasdaq:+0.40; Nvidia:+0.80,v2 deterministic ingestion | relevance=75 | flag=known,news_agent_v2
2026-03-18 22:58:50,Netflix Top 10 Report: War Machine is 2026’s Biggest Movie So Far While Virgin River Season 7 Holds Strong,Geopolitics,"Oil, Gold, Defense Stocks, SP500, USD",Oil:+0.95; Gold:+0.85; Defense Stocks:+0.95; SP500:-0.35; USD:+0.55,v2 deterministic ingestion | relevance=55 | flag=known,news_agent_v2
2026-03-18 22:58:50,Year Up United at 25: A Q&A with Gerald Chertavian,AI Boom,"Nasdaq, Nvidia",Nasdaq:+0.40; Nvidia:+0.80,v2 deterministic ingestion | relevance=35 | flag=known,news_agent_v2
2026-03-18 22:58:50,"Top Ten Hottest Comics Of The Week: Conan, 51, Narco & Tigress Island",Geopolitics,"Oil, Gold, Defense Stocks, SP500, USD",Oil:+0.70; Gold:+0.60; Defense Stocks:+0.70; SP500:-0.60; USD:+0.30,v2 deterministic ingestion | relevance=55 | flag=known,news_agent_v2
2026-03-18 22:58:50,Crypto Bill Stablecoin Yield Compromise Could Come This Week: Tim Scott,,Not identified,,v2 deterministic ingestion | relevance=15 | flag=unknown,news_agent_v2
2026-03-18 22:58:50,Morocco keeps benchmark interest rate unchanged at 2.25 pct,Inflation,"Gold, US10Y, USD, SP500",Gold:+0.30; US10Y:+0.40; USD:+0.20; SP500:-0.30,v2 deterministic ingestion | relevance=35 | flag=known,news_agent_v2
2026-03-18 22:58:50,Liberal government appeals Emergencies Act decisions to the Supreme Court,AI Boom,"Nasdaq, Nvidia",Nasdaq:+0.65; Nvidia:+1.00,v2 deterministic ingestion | relevance=35 | flag=known,news_agent_v2
2026-03-18 22:58:50,Sunderland Linked With Multi-Million Pound Eredivisie Star: Should The Black Cats Break The Bank?,,Not identified,,v2 deterministic ingestion | relevance=15 | flag=unknown,news_agent_v2
2026-03-18 22:58:50,Tracfone now offers 5G Home Internet for as little as $39/month — here's the deal,,Not identified,,v2 deterministic ingestion | relevance=15 | flag=unknown,news_agent_v2
2026-03-18 22:58:50,"Live: Chance of RBA interest rate hike in May drops to 40pc, ASX likely to rise",,Not identified,,v2 deterministic ingestion | relevance=15 | flag=unknown,news_agent_v2
2026-03-18 22:58:50,Manufacturing is quietly having its best stretch in years,,Not identified,,v2 deterministic ingestion | relevance=15 | flag=unknown,news_agent_v2
2026-03-18 22:58:50,Forget CBA shares! Buy these ASX dividend shares instead for passive income,,Not identified,,v2 deterministic ingestion | relevance=15 | flag=unknown,news_agent_v2
2026-03-18 22:58:50,Iran continues intense attacks on Middle East neighbors after Israel says it ‘eliminated’ 2 of its top officials,"Geopolitics, Energy Supply, AI Boom","Oil, Gold, Defense Stocks, SP500, USD, Natural Gas, Utility Stocks, Renewable Energy Companies, Nasdaq, Nvidia",Oil:+0.45; Gold:+0.35; Defense Stocks:+0.45; SP500:-0.85; USD:+0.05; Natural Gas:+0.25; Utility Stocks:+0.05; Renewable Energy Companies:-0.05; Nasdaq:+0.15; Nvidia:+0.55,v2 deterministic ingestion | relevance=95 | flag=known,news_agent_v2
2026-03-18 22:58:50,The Salalah Port Attack: Alienating Oman and dooming the Resistance Axis,Geopolitics,"Oil, Gold, Defense Stocks, SP500, USD",Oil:+0.70; Gold:+0.60; Defense Stocks:+0.70; SP500:-0.60; USD:+0.30,v2 deterministic ingestion | relevance=35 | flag=known,news_agent_v2
2026-03-18 22:58:50,This OLED laptop with 24 GB RAM might be best sub-$1000 Windows laptop currently on market,"Geopolitics, AI Boom","Oil, Gold, Defense Stocks, SP500, USD, Nasdaq, Nvidia",Oil:+0.95; Gold:+0.85; Defense Stocks:+0.95; SP500:-0.35; USD:+0.55; Nasdaq:+0.65; Nvidia:+1.00,v2 deterministic ingestion | relevance=75 | flag=known,news_agent_v2
2026-03-18 22:58:50,Stocks Edge Up Despite Rise in Oil Prices,"Geopolitics, Energy Supply, AI Boom","Oil, Gold, Defense Stocks, SP500, USD, Natural Gas, Utility Stocks, Renewable Energy Companies, Nasdaq, Nvidia",Oil:+0.95; Gold:+0.85; Defense Stocks:+0.95; SP500:-0.35; USD:+0.55; Natural Gas:+0.75; Utility Stocks:+0.55; Renewable Energy Companies:+0.45; Nasdaq:+0.65; Nvidia:+1.00,v2 deterministic ingestion | relevance=95 | flag=known,news_agent_v2
2026-03-18 22:58:50,The FBI Warns Americans To Avoid Scanning These QR Codes,"Geopolitics, Inflation","Oil, Gold, Defense Stocks, SP500, USD, US10Y",Oil:+0.70; Gold:+0.60; Defense Stocks:+0.70; SP500:-0.30; USD:+0.30; US10Y:+0.40,v2 deterministic ingestion | relevance=75 | flag=known,news_agent_v2
2026-03-18 22:58:50,Making the U.S. More Resilient to Oil Price Shocks,Energy Supply,"Oil, Natural Gas, Utility Stocks, Renewable Energy Companies",Oil:+0.45; Natural Gas:+0.25; Utility Stocks:+0.05; Renewable Energy Companies:-0.05,v2 deterministic ingestion | relevance=55 | flag=known,news_agent_v2
2026-03-18 22:58:50,Canadian dollar’s resilience at risk as central bankers meet,Inflation,"Gold, US10Y, USD, SP500",Gold:+0.30; US10Y:+0.40; USD:+0.20; SP500:-0.30,v2 deterministic ingestion | relevance=35 | flag=known,news_agent_v2
2026-03-18 22:58:50,"DJO announces summer 2026 tour, Forest Hills show. Get tickets today",,Not identified,,v2 deterministic ingestion | relevance=15 | flag=unknown,news_agent_v2
2026-03-18 22:58:50,INVESTOR ALERT: Pomerantz Law Firm Reminds Investors with Losses on their Investment in Paysafe Limited of Class Action Lawsuit and Upcoming Deadlines – PSFE,AI Boom,"Nasdaq, Nvidia",Nasdaq:+0.65; Nvidia:+1.00,v2 deterministic ingestion | relevance=35 | flag=known,news_agent_v2
2026-03-18 22:58:50,"Here’s what happens next for Kouri Richins, the black widow children’s book author",,Not identified,,v2 deterministic ingestion | relevance=15 | flag=unknown,news_agent_v2
2026-03-18 22:58:50,Fintech’s A.I. Adoption Race: Innovation Outpacing Institutional Readiness,,Not identified,,v2 deterministic ingestion | relevance=15 | flag=unknown,news_agent_v2
2026-03-18 22:58:50,Save $75 on this 40V Greenworks cordless electric combo kit with a 12-inch string trimmer + 390 CFM blower at $125,,Not identified,,v2 deterministic ingestion | relevance=15 | flag=unknown,news_agent_v2
2026-03-18 22:58:50,"Senate begins debating Trump-backed SAVE America Act, but it's unlikely to pass",,Not identified,,v2 deterministic ingestion | relevance=15 | flag=unknown,news_agent_v2
2026-03-18 22:58:50,3 benefits of a mortgage interest rate lock to know now,,Not identified,,v2 deterministic ingestion | relevance=15 | flag=unknown,news_agent_v2
2026-03-18 22:58:50,Waterstone Financial Raises Quarterly Cash Dividend by 13.3%,AI Boom,"Nasdaq, Nvidia",Nasdaq:+0.40; Nvidia:+0.80,v2 deterministic ingestion | relevance=35 | flag=known,news_agent_v2
2026-03-18 22:58:50,Commentary: Beware the long reach of the Iran war in Asia’s food systems,Geopolitics,"Oil, Gold, Defense Stocks, SP500, USD",Oil:+0.70; Gold:+0.60; Defense Stocks:+0.70; SP500:-0.60; USD:+0.30,v2 deterministic ingestion | relevance=55 | flag=known,news_agent_v2
2026-03-18 22:58:50,Samsung could swap its own Galaxy displays for cheaper alternatives,,Not identified,,v2 deterministic ingestion | relevance=15 | flag=unknown,news_agent_v2
2026-03-18 22:58:50,Meta's Next Headset Will Reportedly Have 2.5K Micro-OLED Displays,,Not identified,,v2 deterministic ingestion | relevance=15 | flag=unknown,news_agent_v2
2026-03-18 22:58:50,Trump names Australia in outburst over lack of ally support in Iran,"Geopolitics, Inflation, AI Boom","Oil, Gold, Defense Stocks, SP500, USD, US10Y, Nasdaq, Nvidia",Oil:+0.95; Gold:+0.85; Defense Stocks:+0.95; SP500:-0.05; USD:+0.55; US10Y:+0.65; Nasdaq:+0.65; Nvidia:+1.00,v2 deterministic ingestion | relevance=95 | flag=known,news_agent_v2
2026-03-18 22:58:50,Japan snack maker halts potato chip production due to Middle East tensions,"Geopolitics, Energy Supply, AI Boom","Oil, Gold, Defense Stocks, SP500, USD, Natural Gas, Utility Stocks, Renewable Energy Companies, Nasdaq, Nvidia",Oil:+0.70; Gold:+0.60; Defense Stocks:+0.70; SP500:-0.60; USD:+0.30; Natural Gas:+0.50; Utility Stocks:+0.30; Renewable Energy Companies:+0.20; Nasdaq:+0.40; Nvidia:+0.80,v2 deterministic ingestion | relevance=95 | flag=known,news_agent_v2
2026-03-18 22:58:50,Asia pivots to coal as Middle East conflict chokes LNG supply,"Geopolitics, Energy Supply","Oil, Gold, Defense Stocks, SP500, USD, Natural Gas, Utility Stocks, Renewable Energy Companies",Oil:+0.95; Gold:+0.85; Defense Stocks:+0.95; SP500:-0.35; USD:+0.55; Natural Gas:+0.75; Utility Stocks:+0.55; Renewable Energy Companies:+0.45,v2 deterministic ingestion | relevance=75 | flag=known,news_agent_v2
2026-03-18 22:58:50,"GlassWorm malware hits 400+ code repos on GitHub, npm, VSCode, OpenVSX","Geopolitics, AI Boom","Oil, Gold, Defense Stocks, SP500, USD, Nasdaq, Nvidia",Oil:+0.70; Gold:+0.60; Defense Stocks:+0.70; SP500:-0.60; USD:+0.30; Nasdaq:+0.40; Nvidia:+0.80,v2 deterministic ingestion | relevance=75 | flag=known,news_agent_v2
2026-03-18 22:58:50,Zelenskyy and Starmer urge continuing support for Ukraine against Russia as Iran war steals focus,"Geopolitics, AI Boom","Oil, Gold, Defense Stocks, SP500, USD, Nasdaq, Nvidia",Oil:+0.95; Gold:+0.85; Defense Stocks:+0.95; SP500:-0.35; USD:+0.55; Nasdaq:+0.65; Nvidia:+1.00,v2 deterministic ingestion | relevance=75 | flag=known,news_agent_v2
2026-03-18 22:58:50,Gran Tierra Energy Inc. Announces Strategic Partnership with Ecopetrol for The Development of Fields in the Middle Magdalena Valley Adjacent to Gran Tierra’s Largest Producing Field,Energy Supply,"Oil, Natural Gas, Utility Stocks, Renewable Energy Companies",Oil:+0.70; Natural Gas:+0.50; Utility Stocks:+0.30; Renewable Energy Companies:+0.20,v2 deterministic ingestion | relevance=35 | flag=known,news_agent_v2
2026-03-18 22:58:50,Jensen Huang says Nvidia has received orders from China and is 'restarting our manufacturing',"Geopolitics, AI Boom","Oil, Gold, Defense Stocks, SP500, USD, Nasdaq, Nvidia",Oil:+0.70; Gold:+0.60; Defense Stocks:+0.70; SP500:-0.60; USD:+0.30; Nasdaq:+0.40; Nvidia:+0.80,v2 deterministic ingestion | relevance=75 | flag=known,news_agent_v2
2026-03-18 22:58:50,Deep Sea Minerals Corp. Clarifies Disclosure at the Request of the BCSC,,Not identified,,v2 deterministic ingestion | relevance=15 | flag=unknown,news_agent_v2
2026-03-18 22:58:50,Deep Sea Minerals Corp. Clarifies Disclosure at the Request of the BCSC,,Not identified,,v2 deterministic ingestion | relevance=15 | flag=unknown,news_agent_v2
2026-03-18 22:58:50,Coherent Demonstrates InP Technology Innovation With a Broad Range of Products,Inflation,"Gold, US10Y, USD, SP500",Gold:+0.30; US10Y:+0.40; USD:+0.20; SP500:-0.30,v2 deterministic ingestion | relevance=35 | flag=known,news_agent_v2
2026-03-18 22:58:50,Trump faces coalition of the unwilling on Iran,Geopolitics,"Oil, Gold, Defense Stocks, SP500, USD",Oil:+0.70; Gold:+0.60; Defense Stocks:+0.70; SP500:-0.60; USD:+0.30,v2 deterministic ingestion | relevance=55 | flag=known,news_agent_v2
2026-03-18 22:58:50,US drivers see gas prices jump to their highest level since 2023 as the Iran war drags on,"Geopolitics, Energy Supply","Oil, Gold, Defense Stocks, SP500, USD, Natural Gas, Utility Stocks, Renewable Energy Companies",Oil:+0.70; Gold:+0.60; Defense Stocks:+0.70; SP500:-0.60; USD:+0.30; Natural Gas:+0.50; Utility Stocks:+0.30; Renewable Energy Companies:+0.20,v2 deterministic ingestion | relevance=75 | flag=known,news_agent_v2
2026-03-18 22:58:50,Russian Oil Poised To Flood World Markets As Trump Admin Lifts Sanctions,"Geopolitics, Energy Supply","Oil, Gold, Defense Stocks, SP500, USD, Natural Gas, Utility Stocks, Renewable Energy Companies",Oil:+0.70; Gold:+0.60; Defense Stocks:+0.70; SP500:-0.60; USD:+0.30; Natural Gas:+0.50; Utility Stocks:+0.30; Renewable Energy Companies:+0.20,v2 deterministic ingestion | relevance=75 | flag=known,news_agent_v2
2026-03-18 22:58:50,Higher oil costs set to spike prices well beyond the fuel pump,"Geopolitics, Energy Supply, Agricultural Commodities","Oil, Gold, Defense Stocks, SP500, USD, Natural Gas, Utility Stocks, Renewable Energy Companies, Wheat, Corn, Food Producers",Oil:+0.70; Gold:+0.60; Defense Stocks:+0.70; SP500:-0.60; USD:+0.30; Natural Gas:+0.50; Utility Stocks:+0.30; Renewable Energy Companies:+0.20; Wheat:+0.60; Corn:+0.50; Food Producers:-0.20,v2 deterministic ingestion | relevance=95 | flag=known,news_agent_v2
2026-03-18 22:58:50,Mountain Province Diamonds Extends Maturity on Credit Facility and Provides Update on Cash Call Arrears,AI Boom,"Nasdaq, Nvidia",Nasdaq:+0.40; Nvidia:+0.80,v2 deterministic ingestion | relevance=35 | flag=known,news_agent_v2
2026-03-18 22:58:50,"Rubio says Cuba needs ‘new people in charge’ as blackouts, unrest grip island",Geopolitics,"Oil, Gold, Defense Stocks, SP500, USD",Oil:+0.45; Gold:+0.35; Defense Stocks:+0.45; SP500:-0.85; USD:+0.05,v2 deterministic ingestion | relevance=35 | flag=known,news_agent_v2
2026-03-18 22:58:50,Deployment of marines raises specter of ground troops...,AI Boom,"Nasdaq, Nvidia",Nasdaq:+0.40; Nvidia:+0.80,v2 deterministic ingestion | relevance=35 | flag=known,news_agent_v2
2026-03-18 22:58:50,DOGE Cuts Slashed Staff That Handled Middle Eastern Oil and Gas Crises...,"Geopolitics, Energy Supply","Oil, Gold, Defense Stocks, SP500, USD, Natural Gas, Utility Stocks, Renewable Energy Companies",Oil:+0.45; Gold:+0.35; Defense Stocks:+0.45; SP500:-0.85; USD:+0.05; Natural Gas:+0.25; Utility Stocks:+0.05; Renewable Energy Companies:-0.05,v2 deterministic ingestion | relevance=75 | flag=known,news_agent_v2
2026-03-18 22:58:50,5 Missions That Almost Ruined Great Games,AI Boom,"Nasdaq, Nvidia",Nasdaq:+0.40; Nvidia:+0.80,v2 deterministic ingestion | relevance=35 | flag=known,news_agent_v2
2026-03-18 22:58:50,‘Old’ Financial System Needs Upgrade With ‘10x Better’ Blockchain,AI Boom,"Nasdaq, Nvidia",Nasdaq:+0.40; Nvidia:+0.80,v2 deterministic ingestion | relevance=35 | flag=known,news_agent_v2
2026-03-18 22:58:50,agent-bom 0.71.2,"Geopolitics, AI Boom","Oil, Gold, Defense Stocks, SP500, USD, Nasdaq, Nvidia",Oil:+0.70; Gold:+0.60; Defense Stocks:+0.70; SP500:-0.60; USD:+0.30; Nasdaq:+0.40; Nvidia:+0.80,v2 deterministic ingestion | relevance=55 | flag=known,news_agent_v2
2026-03-18 22:58:50,Oil prices rise over 3% again – Brent above $103 amid strait crisis,"Energy Supply, AI Boom","Oil, Natural Gas, Utility Stocks, Renewable Energy Companies, Nasdaq, Nvidia",Oil:+0.45; Natural Gas:+0.25; Utility Stocks:+0.05; Renewable Energy Companies:-0.05; Nasdaq:+0.15; Nvidia:+0.55,v2 deterministic ingestion | relevance=75 | flag=known,news_agent_v2
2026-03-18 22:58:50,What killing of top Iranian leader Ali Larijani could mean for war,Geopolitics,"Oil, Gold, Defense Stocks, SP500, USD",Oil:+0.70; Gold:+0.60; Defense Stocks:+0.70; SP500:-0.60; USD:+0.30,v2 deterministic ingestion | relevance=55 | flag=known,news_agent_v2
2026-03-18 22:58:50,Why Iranian-Americans are cheering the war — and thanking Trump,Geopolitics,"Oil, Gold, Defense Stocks, SP500, USD",Oil:+0.70; Gold:+0.60; Defense Stocks:+0.70; SP500:-0.60; USD:+0.30,v2 deterministic ingestion | relevance=55 | flag=known,news_agent_v2
2026-03-18 22:58:50,"White House, after top counterterrorism official quits, says Trump had 'strong' evidence Iran would attack US","Geopolitics, AI Boom","Oil, Gold, Defense Stocks, SP500, USD, Nasdaq, Nvidia",Oil:+0.95; Gold:+0.85; Defense Stocks:+0.95; SP500:-0.35; USD:+0.55; Nasdaq:+0.65; Nvidia:+1.00,v2 deterministic ingestion | relevance=55 | flag=known,news_agent_v2
2026-03-18 22:58:50,Echoes of Cyrus Vance in Joe Kent's resignation over the Iran war,"Geopolitics, AI Boom","Oil, Gold, Defense Stocks, SP500, USD, Nasdaq, Nvidia",Oil:+0.70; Gold:+0.60; Defense Stocks:+0.70; SP500:-0.60; USD:+0.30; Nasdaq:+0.40; Nvidia:+0.80,v2 deterministic ingestion | relevance=75 | flag=known,news_agent_v2
2026-03-18 22:58:50,Brain Implants Let Paralyzed People Type With Thought Alone—Nearly as Fast as Smartphone Users,AI Boom,"Nasdaq, Nvidia",Nasdaq:+0.40; Nvidia:+0.80,v2 deterministic ingestion | relevance=35 | flag=known,news_agent_v2
2026-03-18 22:58:50,"Three-Time Trump Voter Goes Off About Gas Prices and ‘Worthless Pile of Sh*t’ Trump: ‘Apparently, I’m An Idiot!’",Energy Supply,"Oil, Natural Gas, Utility Stocks, Renewable Energy Companies",Oil:+0.70; Natural Gas:+0.50; Utility Stocks:+0.30; Renewable Energy Companies:+0.20,v2 deterministic ingestion | relevance=35 | flag=known,news_agent_v2
2026-03-18 22:58:50,"From the frontline: ""When can we go home?"" Inside Lebanon's makeshift shelters",,Not identified,,v2 deterministic ingestion | relevance=15 | flag=unknown,news_agent_v2
2026-03-18 22:58:50,Tulsi Gabbard Issues Statement In Wake Of Joe Kent’s Resignation,Geopolitics,"Oil, Gold, Defense Stocks, SP500, USD",Oil:+0.70; Gold:+0.60; Defense Stocks:+0.70; SP500:-0.60; USD:+0.30,v2 deterministic ingestion | relevance=35 | flag=known,news_agent_v2
2026-03-18 22:58:50,Paul Atreides faces the cost of his holy war in Dune: Part 3 teaser,Geopolitics,"Oil, Gold, Defense Stocks, SP500, USD",Oil:+0.70; Gold:+0.60; Defense Stocks:+0.70; SP500:-0.60; USD:+0.30,v2 deterministic ingestion | relevance=55 | flag=known,news_agent_v2
2026-03-18 22:58:50,Israel says it killed Iranian security chief Ali Larijani in air strike - BBC,"Geopolitics, AI Boom","Oil, Gold, Defense Stocks, SP500, USD, Nasdaq, Nvidia",Oil:+0.70; Gold:+0.60; Defense Stocks:+0.70; SP500:-0.60; USD:+0.30; Nasdaq:+0.40; Nvidia:+0.80,v2 deterministic ingestion | relevance=75 | flag=known,news_agent_v2
2026-03-18 22:58:50,Trump trapped in state of 'arrested development' — and it's starting to cost him: analyst,"Geopolitics, Energy Supply, AI Boom","Oil, Gold, Defense Stocks, SP500, USD, Natural Gas, Utility Stocks, Renewable Energy Companies, Nasdaq, Nvidia",Oil:+0.70; Gold:+0.60; Defense Stocks:+0.70; SP500:-0.60; USD:+0.30; Natural Gas:+0.50; Utility Stocks:+0.30; Renewable Energy Companies:+0.20; Nasdaq:+0.40; Nvidia:+0.80,v2 deterministic ingestion | relevance=95 | flag=known,news_agent_v2
2026-03-18 22:58:50,Newt Gingrich posted about using nukes to create Strait of Hormuz alternative,"Inflation, AI Boom","Gold, US10Y, USD, SP500, Nasdaq, Nvidia",Gold:+0.30; US10Y:+0.40; USD:+0.20; SP500:-0.30; Nasdaq:+0.40; Nvidia:+0.80,v2 deterministic ingestion | relevance=55 | flag=known,news_agent_v2
2026-03-18 22:58:50,DHS keeps paying Coast Guard personnel despite partial government shutdown,"Geopolitics, AI Boom","Oil, Gold, Defense Stocks, SP500, USD, Nasdaq, Nvidia",Oil:+0.70; Gold:+0.60; Defense Stocks:+0.70; SP500:-0.60; USD:+0.30; Nasdaq:+0.40; Nvidia:+0.80,v2 deterministic ingestion | relevance=55 | flag=known,news_agent_v2
2026-03-18 22:58:50,'Deeply Alarming:' Sen. Cotton Reacts to Google AI Bias Revealed by 'CODE RED' Author,AI Boom,"Nasdaq, Nvidia",Nasdaq:+0.40; Nvidia:+0.80,v2 deterministic ingestion | relevance=35 | flag=known,news_agent_v2
2026-03-18 22:58:50,Ukraine's Zelensky throws shade at Trump for easing oil sanctions on Russia,"Geopolitics, Energy Supply, AI Boom","Oil, Gold, Defense Stocks, SP500, USD, Natural Gas, Utility Stocks, Renewable Energy Companies, Nasdaq, Nvidia",Oil:+0.70; Gold:+0.60; Defense Stocks:+0.70; SP500:-0.60; USD:+0.30; Natural Gas:+0.50; Utility Stocks:+0.30; Renewable Energy Companies:+0.20; Nasdaq:+0.40; Nvidia:+0.80,v2 deterministic ingestion | relevance=95 | flag=known,news_agent_v2
2026-03-18 22:58:50,Ousted Hegseth aide resurfaces in intel role as Iran war sparks internal strain (Fox News),"Geopolitics, AI Boom","Oil, Gold, Defense Stocks, SP500, USD, Nasdaq, Nvidia",Oil:+0.70; Gold:+0.60; Defense Stocks:+0.70; SP500:-0.60; USD:+0.30; Nasdaq:+0.40; Nvidia:+0.80,v2 deterministic ingestion | relevance=75 | flag=known,news_agent_v2
2026-03-18 22:58:50,"Rebuffed by allies, Trump now says U.S. doesn't need help defending the Strait of Hormuz","Geopolitics, Inflation, Energy Supply, AI Boom","Oil, Gold, Defense Stocks, SP500, USD, US10Y, Natural Gas, Utility Stocks, Renewable Energy Companies, Nasdaq, Nvidia",Oil:+0.45; Gold:+0.35; Defense Stocks:+0.45; SP500:-0.55; USD:+0.05; US10Y:+0.15; Natural Gas:+0.25; Utility Stocks:+0.05; Renewable Energy Companies:-0.05; Nasdaq:+0.15; Nvidia:+0.55,v2 deterministic ingestion | relevance=95 | flag=known,news_agent_v2
2026-03-18 22:58:50,Lawmakers unflinching in DHS shutdown fight that could drag on for weeks as airport lines and travel anxieties grow,"Geopolitics, AI Boom","Oil, Gold, Defense Stocks, SP500, USD, Nasdaq, Nvidia",Oil:+0.70; Gold:+0.60; Defense Stocks:+0.70; SP500:-0.60; USD:+0.30; Nasdaq:+0.40; Nvidia:+0.80,v2 deterministic ingestion | relevance=55 | flag=known,news_agent_v2
2026-03-18 22:58:50,Iran confirms death of security chief Larijani,Geopolitics,"Oil, Gold, Defense Stocks, SP500, USD",Oil:+0.70; Gold:+0.60; Defense Stocks:+0.70; SP500:-0.60; USD:+0.30,v2 deterministic ingestion | relevance=35 | flag=known,news_agent_v2
2026-03-18 22:58:50,Sam Kerr lifts Australia past China 2-1 and into Women’s Asian Cup final,Geopolitics,"Oil, Gold, Defense Stocks, SP500, USD",Oil:+0.70; Gold:+0.60; Defense Stocks:+0.70; SP500:-0.60; USD:+0.30,v2 deterministic ingestion | relevance=35 | flag=known,news_agent_v2
2026-03-18 22:58:50,"Mexico prepared to host Iran World Cup games, says president","Geopolitics, AI Boom","Oil, Gold, Defense Stocks, SP500, USD, Nasdaq, Nvidia",Oil:+0.70; Gold:+0.60; Defense Stocks:+0.70; SP500:-0.60; USD:+0.30; Nasdaq:+0.40; Nvidia:+0.80,v2 deterministic ingestion | relevance=55 | flag=known,news_agent_v2
2026-03-18 22:58:50,Japan set for tactical change to counter South Korea in Asian Cup semifinal,AI Boom,"Nasdaq, Nvidia",Nasdaq:+0.65; Nvidia:+1.00,v2 deterministic ingestion | relevance=35 | flag=known,news_agent_v2
2026-03-18 22:58:50,Phoenix Energy Reports Q4 and Full-Year 2025 Financial Results with Record Revenue and EBITDA,Energy Supply,"Oil, Natural Gas, Utility Stocks, Renewable Energy Companies",Oil:+0.95; Natural Gas:+0.75; Utility Stocks:+0.55; Renewable Energy Companies:+0.45,v2 deterministic ingestion | relevance=35 | flag=known,news_agent_v2
2026-03-18 22:58:50,Rimini Street Announces Participation in the ROTH Capital Partners 38th Annual Investor Conference,"Geopolitics, Energy Supply, AI Boom","Oil, Gold, Defense Stocks, SP500, USD, Natural Gas, Utility Stocks, Renewable Energy Companies, Nasdaq, Nvidia",Oil:+0.95; Gold:+0.85; Defense Stocks:+0.95; SP500:-0.35; USD:+0.55; Natural Gas:+0.75; Utility Stocks:+0.55; Renewable Energy Companies:+0.45; Nasdaq:+0.65; Nvidia:+1.00,v2 deterministic ingestion | relevance=95 | flag=known,news_agent_v2
2026-03-18 22:58:50,Japan land prices up for 5th straight year amid modest economic recovery,AI Boom,"Nasdaq, Nvidia",Nasdaq:+0.40; Nvidia:+0.80,v2 deterministic ingestion | relevance=35 | flag=known,news_agent_v2
2026-03-18 22:58:50,Rubio calls for new Cuban leaders as latest blackout underscores deepening economic crisis,"Geopolitics, Energy Supply, AI Boom","Oil, Gold, Defense Stocks, SP500, USD, Natural Gas, Utility Stocks, Renewable Energy Companies, Nasdaq, Nvidia",Oil:+0.45; Gold:+0.35; Defense Stocks:+0.45; SP500:-0.85; USD:+0.05; Natural Gas:+0.25; Utility Stocks:+0.05; Renewable Energy Companies:-0.05; Nasdaq:+0.15; Nvidia:+0.55,v2 deterministic ingestion | relevance=95 | flag=known,news_agent_v2
2026-03-18 22:58:50,Iran rejects de-escalation offers; Israel says it kills Iranian security chief,"Geopolitics, AI Boom","Oil, Gold, Defense Stocks, SP500, USD, Nasdaq, Nvidia",Oil:+0.70; Gold:+0.60; Defense Stocks:+0.70; SP500:-0.60; USD:+0.30; Nasdaq:+0.40; Nvidia:+0.80,v2 deterministic ingestion | relevance=75 | flag=known,news_agent_v2
2026-03-18 22:58:50,China's Solar Systems Aid Boosts Cuban Health Centers,"Geopolitics, Energy Supply, AI Boom","Oil, Gold, Defense Stocks, SP500, USD, Natural Gas, Utility Stocks, Renewable Energy Companies, Nasdaq, Nvidia",Oil:+0.45; Gold:+0.35; Defense Stocks:+0.45; SP500:-0.85; USD:+0.05; Natural Gas:+0.25; Utility Stocks:+0.05; Renewable Energy Companies:-0.05; Nasdaq:+0.15; Nvidia:+0.55,v2 deterministic ingestion | relevance=75 | flag=known,news_agent_v2
2026-03-18 22:58:50,Takaichi eyes cooperation on U.S. missile defense at summit with Trump,"AI Boom, Precious & Strategic Metals","Nasdaq, Nvidia, Gold, Copper, Mining Stocks",Nasdaq:+0.40; Nvidia:+0.80; Gold:+0.60; Copper:+0.50; Mining Stocks:+0.50,v2 deterministic ingestion | relevance=55 | flag=known,news_agent_v2
2026-03-18 22:58:50,New economic projections signal a tricky Federal Reserve path - Axios,"Geopolitics, Inflation, AI Boom","Oil, Gold, Defense Stocks, SP500, USD, US10Y, Nasdaq, Nvidia",Oil:+0.45; Gold:+0.35; Defense Stocks:+0.45; SP500:-0.55; USD:+0.05; US10Y:+0.15; Nasdaq:+0.15; Nvidia:+0.55,v2 deterministic ingestion | relevance=95 | flag=known,news_agent_v2
2026-03-18 22:58:50,March Madness wagering to tip off just 2 months after federal gambling charges,Inflation,"Gold, US10Y, USD, SP500",Gold:+0.55; US10Y:+0.65; USD:+0.45; SP500:-0.05,v2 deterministic ingestion | relevance=55 | flag=known,news_agent_v2
2026-03-18 22:58:50,"Innovators From Adobe, Blumhouse and More Discuss AI and Democratizing Entertainment at SXSW","Geopolitics, AI Boom","Oil, Gold, Defense Stocks, SP500, USD, Nasdaq, Nvidia",Oil:+0.70; Gold:+0.60; Defense Stocks:+0.70; SP500:-0.60; USD:+0.30; Nasdaq:+0.40; Nvidia:+0.80,v2 deterministic ingestion | relevance=75 | flag=known,news_agent_v2
2026-03-18 22:58:50,Durable Launches End-to-End AI Business Platform for Entrepreneurs,AI Boom,"Nasdaq, Nvidia",Nasdaq:+0.40; Nvidia:+0.80,v2 deterministic ingestion | relevance=35 | flag=known,news_agent_v2
2026-03-18 22:58:50,Workers demand $30 minimum wage as cost of living surges in NYC,AI Boom,"Nasdaq, Nvidia",Nasdaq:+0.65; Nvidia:+1.00,v2 deterministic ingestion | relevance=35 | flag=known,news_agent_v2
2026-03-18 22:58:50,Some Galaxy S26 Ultra Owners Report Surprise Cash Offers To Prevent Returns,AI Boom,"Nasdaq, Nvidia",Nasdaq:+0.65; Nvidia:+1.00,v2 deterministic ingestion | relevance=35 | flag=known,news_agent_v2
2026-03-18 22:58:50,Athletic Lifestyle Product Is Becoming a Tough Sell in Europe,,Not identified,,v2 deterministic ingestion | relevance=15 | flag=unknown,news_agent_v2
2026-03-18 22:58:50,The Federal Spending Spree Will Make the Next Economic Shock Even Worse,Inflation,"Gold, US10Y, USD, SP500",Gold:+0.05; US10Y:+0.15; USD:-0.05; SP500:-0.55,v2 deterministic ingestion | relevance=55 | flag=known,news_agent_v2
2026-03-18 22:58:50,"Ilia II, patriarch who led Georgian Church out of the Soviet Union, dies at 93",,Not identified,,v2 deterministic ingestion | relevance=15 | flag=unknown,news_agent_v2
2026-03-18 22:58:50,The Cautionary Tale of Joe Kent,Geopolitics,"Oil, Gold, Defense Stocks, SP500, USD",Oil:+0.70; Gold:+0.60; Defense Stocks:+0.70; SP500:-0.60; USD:+0.30,v2 deterministic ingestion | relevance=55 | flag=known,news_agent_v2
2026-03-18 22:58:50,The United States Might Settle for Less Than Regime Change in Cuba,,Not identified,,v2 deterministic ingestion | relevance=15 | flag=unknown,news_agent_v2
2026-03-18 22:58:50,Operation Epic Fury: Why exposure data changes everything about Iran's cyber-kinetic campaign,"Geopolitics, AI Boom","Oil, Gold, Defense Stocks, SP500, USD, Nasdaq, Nvidia",Oil:+0.70; Gold:+0.60; Defense Stocks:+0.70; SP500:-0.60; USD:+0.30; Nasdaq:+0.40; Nvidia:+0.80,v2 deterministic ingestion | relevance=75 | flag=known,news_agent_v2
2026-03-18 22:58:50,rudder-ai added to PyPI,AI Boom,"Nasdaq, Nvidia",Nasdaq:+0.40; Nvidia:+0.80,v2 deterministic ingestion | relevance=35 | flag=known,news_agent_v2
2026-03-18 22:58:50,alignguard added to PyPI,AI Boom,"Nasdaq, Nvidia",Nasdaq:+0.40; Nvidia:+0.80,v2 deterministic ingestion | relevance=35 | flag=known,news_agent_v2
2026-03-18 22:58:50,Acrivon Therapeutics to Present Pre-Clinical AP3 Data at the 2026 AACR Annual Meeting Revealing Strong Synergy of ACR-368 with ADC Topo 1 Inhibitor Payloads and of both ACR-368 and ACR-2316 with Immune Checkpoint Inhibitors,,Not identified,,v2 deterministic ingestion | relevance=15 | flag=unknown,news_agent_v2
2026-03-18 22:58:50,World ID wants you to put a cryptographically unique human identity behind your AI agents,"Geopolitics, AI Boom","Oil, Gold, Defense Stocks, SP500, USD, Nasdaq, Nvidia",Oil:+0.70; Gold:+0.60; Defense Stocks:+0.70; SP500:-0.60; USD:+0.30; Nasdaq:+0.40; Nvidia:+0.80,v2 deterministic ingestion | relevance=75 | flag=known,news_agent_v2
2026-03-18 22:58:50,AOI Showcases 25dBm Ultra-High Power ELSFP as the Foundation for Next-Gen AI Infrastructure at OFC 2026,AI Boom,"Nasdaq, Nvidia",Nasdaq:+0.40; Nvidia:+0.80,v2 deterministic ingestion | relevance=35 | flag=known,news_agent_v2
2026-03-18 22:58:50,Amazon Connect voice AI agents now supports 13 new languages,AI Boom,"Nasdaq, Nvidia",Nasdaq:+0.40; Nvidia:+0.80,v2 deterministic ingestion | relevance=35 | flag=known,news_agent_v2
2026-03-18 22:58:50,learn-tutor 0.3.0,AI Boom,"Nasdaq, Nvidia",Nasdaq:+0.40; Nvidia:+0.80,v2 deterministic ingestion | relevance=35 | flag=known,news_agent_v2
2026-03-18 22:58:50,dokken 0.1.5,AI Boom,"Nasdaq, Nvidia",Nasdaq:+0.40; Nvidia:+0.80,v2 deterministic ingestion | relevance=35 | flag=known,news_agent_v2
2026-03-18 22:58:50,nteract 2.0.1a202603172140,AI Boom,"Nasdaq, Nvidia",Nasdaq:+0.40; Nvidia:+0.80,v2 deterministic ingestion | relevance=35 | flag=known,news_agent_v2
2026-03-18 22:58:50,Show HN: GitGlimpse – GitHub Action that generates UI/UX demos for your PRs,"Inflation, AI Boom","Gold, US10Y, USD, SP500, Nasdaq, Nvidia",Gold:+0.30; US10Y:+0.40; USD:+0.20; SP500:-0.30; Nasdaq:+0.40; Nvidia:+0.80,v2 deterministic ingestion | relevance=55 | flag=known,news_agent_v2
2026-03-18 22:58:50,agentnb 0.3.1,AI Boom,"Nasdaq, Nvidia",Nasdaq:+0.40; Nvidia:+0.80,v2 deterministic ingestion | relevance=35 | flag=known,news_agent_v2
2026-03-18 22:58:50,What team does AI pick to win March Madness 2026 as Houston Duke and Arizona lead projections,AI Boom,"Nasdaq, Nvidia",Nasdaq:+0.40; Nvidia:+0.80,v2 deterministic ingestion | relevance=35 | flag=known,news_agent_v2
2026-03-18 22:58:50,bashkuto added to PyPI,AI Boom,"Nasdaq, Nvidia",Nasdaq:+0.40; Nvidia:+0.80,v2 deterministic ingestion | relevance=35 | flag=known,news_agent_v2
2026-03-18 22:58:50,smrti 0.4.2,AI Boom,"Nasdaq, Nvidia",Nasdaq:+0.40; Nvidia:+0.80,v2 deterministic ingestion | relevance=35 | flag=known,news_agent_v2
2026-03-18 22:58:50,transduck 0.3.1,AI Boom,"Nasdaq, Nvidia",Nasdaq:+0.40; Nvidia:+0.80,v2 deterministic ingestion | relevance=35 | flag=known,news_agent_v2
2026-03-18 22:58:50,"What Gemini features you get with Google AI Plus, Pro, & Ultra [March 2026]",AI Boom,"Nasdaq, Nvidia",Nasdaq:+0.40; Nvidia:+0.80,v2 deterministic ingestion | relevance=35 | flag=known,news_agent_v2
2026-03-18 22:58:50,dunetrace 0.3.2,AI Boom,"Nasdaq, Nvidia",Nasdaq:+0.40; Nvidia:+0.80,v2 deterministic ingestion | relevance=35 | flag=known,news_agent_v2
2026-03-18 22:58:50,Amazon Connect adds new generative text-to-speech voices and expands to new regions,,Not identified,,v2 deterministic ingestion | relevance=15 | flag=unknown,news_agent_v2
2026-03-18 22:58:50,Why AI systems don't learn – On autonomous learning from cognitive science,"Inflation, AI Boom","Gold, US10Y, USD, SP500, Nasdaq, Nvidia",Gold:+0.30; US10Y:+0.40; USD:+0.20; SP500:-0.30; Nasdaq:+0.40; Nvidia:+0.80,v2 deterministic ingestion | relevance=55 | flag=known,news_agent_v2
2026-03-18 22:58:50,sanatan-verse-sdk 0.89.0,AI Boom,"Nasdaq, Nvidia",Nasdaq:+0.40; Nvidia:+0.80,v2 deterministic ingestion | relevance=35 | flag=known,news_agent_v2
2026-03-18 22:58:50,runcost 0.1.1,AI Boom,"Nasdaq, Nvidia",Nasdaq:+0.15; Nvidia:+0.55,v2 deterministic ingestion | relevance=35 | flag=known,news_agent_v2
2026-03-18 22:58:50,Computer Resources of America Earns Place on CRN's Prestigious 2026 Tech Elite 250 List,"Geopolitics, AI Boom","Oil, Gold, Defense Stocks, SP500, USD, Nasdaq, Nvidia",Oil:+0.95; Gold:+0.85; Defense Stocks:+0.95; SP500:-0.35; USD:+0.55; Nasdaq:+0.65; Nvidia:+1.00,v2 deterministic ingestion | relevance=55 | flag=known,news_agent_v2
2026-03-18 22:58:50,Encyclopedia Britannica and Merriam-Webster Sue OpenAI,AI Boom,"Nasdaq, Nvidia",Nasdaq:+0.40; Nvidia:+0.80,v2 deterministic ingestion | relevance=35 | flag=known,news_agent_v2
2026-03-18 22:58:50,"Man Accidentally Hacks an Army of 7,000 Robot Vacuums, Able to Access Video Feeds Within People’s Homes (Post and 12 minute video at link)","AI Boom, Robotics","Nasdaq, Nvidia, Industrial Automation Stocks",Nasdaq:+0.40; Nvidia:+0.80; Industrial Automation Stocks:+0.60,v2 deterministic ingestion | relevance=55 | flag=known,news_agent_v2
2026-03-18 22:58:50,"‘Olaf Learned Not To Melt:’ It Turns Out Heat Was A Big Problem For Disney’s New Frozen Robot, Too",Robotics,"Nasdaq, Industrial Automation Stocks",Nasdaq:+0.20; Industrial Automation Stocks:+0.60,v2 deterministic ingestion | relevance=35 | flag=known,news_agent_v2
2026-03-18 22:58:50,7 1990 Sci-Fi TV Shows That Still Hold Up Today (#1 Is a Masterpiece),,Not identified,,v2 deterministic ingestion | relevance=15 | flag=unknown,news_agent_v2
2026-03-18 22:58:50,125 speed cameras are coming to Los Angeles – and they’re projected to generate a staggering amount of city revenue,,Not identified,,v2 deterministic ingestion | relevance=15 | flag=unknown,news_agent_v2
2026-03-18 22:58:50,MIT-IBM Watson AI Lab seed to signal: Amplifying early-career faculty impact,AI Boom,"Nasdaq, Nvidia",Nasdaq:+0.65; Nvidia:+1.00,v2 deterministic ingestion | relevance=35 | flag=known,news_agent_v2
2026-03-18 22:58:50,Alan Wake 2 Studio Is Keeping Its Multiplayer Game Alive Even Though Only 38 People Are Playing It On Steam Right Now,"Geopolitics, AI Boom","Oil, Gold, Defense Stocks, SP500, USD, Nasdaq, Nvidia",Oil:+0.70; Gold:+0.60; Defense Stocks:+0.70; SP500:-0.60; USD:+0.30; Nasdaq:+0.40; Nvidia:+0.80,v2 deterministic ingestion | relevance=75 | flag=known,news_agent_v2
2026-03-18 22:58:50,wandelbots-api-client 26.3.0.dev28,Robotics,"Nasdaq, Industrial Automation Stocks",Nasdaq:+0.20; Industrial Automation Stocks:+0.60,v2 deterministic ingestion | relevance=35 | flag=known,news_agent_v2
2026-03-18 22:58:50,Tesla (TSLA) Terafab plans point to inevitable capital raise — its first since 2020,AI Boom,"Nasdaq, Nvidia",Nasdaq:+0.40; Nvidia:+0.80,v2 deterministic ingestion | relevance=35 | flag=known,news_agent_v2
2026-03-18 22:58:50,'Pokemon Go' Players Unknowingly Contributed 30 Billion Images to Train Delivery Robots,"AI Boom, Robotics","Nasdaq, Nvidia, Industrial Automation Stocks",Nasdaq:+0.40; Nvidia:+0.80; Industrial Automation Stocks:+0.60,v2 deterministic ingestion | relevance=55 | flag=known,news_agent_v2
2026-03-18 22:58:50,Amazon Speeds Up Delivery Even More With 1- and 3-Hour Options,"Inflation, AI Boom","Gold, US10Y, USD, SP500, Nasdaq, Nvidia",Gold:+0.30; US10Y:+0.40; USD:+0.20; SP500:-0.30; Nasdaq:+0.40; Nvidia:+0.80,v2 deterministic ingestion | relevance=55 | flag=known,news_agent_v2
2026-03-18 22:58:50,positronic-franka 0.4.0,Robotics,"Nasdaq, Industrial Automation Stocks",Nasdaq:+0.20; Industrial Automation Stocks:+0.60,v2 deterministic ingestion | relevance=35 | flag=known,news_agent_v2
2026-03-18 22:58:50,Four things about Yahoo News that may surprise you,AI Boom,"Nasdaq, Nvidia",Nasdaq:+0.65; Nvidia:+1.00,v2 deterministic ingestion | relevance=35 | flag=known,news_agent_v2
2026-03-18 22:58:50,Robot firefighters enter burning buildings first,Robotics,"Nasdaq, Industrial Automation Stocks",Nasdaq:+0.20; Industrial Automation Stocks:+0.60,v2 deterministic ingestion | relevance=35 | flag=known,news_agent_v2
2026-03-18 22:58:50,KNAPP Expands Software Portfolio with SAP BTP App,"Geopolitics, AI Boom, Robotics","Oil, Gold, Defense Stocks, SP500, USD, Nasdaq, Nvidia, Industrial Automation Stocks",Oil:+0.95; Gold:+0.85; Defense Stocks:+0.95; SP500:-0.35; USD:+0.55; Nasdaq:+0.65; Nvidia:+1.00; Industrial Automation Stocks:+0.85,v2 deterministic ingestion | relevance=95 | flag=known,news_agent_v2
2026-03-18 22:58:50,"Segway e-scooters + robot mowers up to $1,133 off in Spring Sales, Velotric St. Paddy’s e-bike flash sale from $1,099, EcoFlow, more",Robotics,"Nasdaq, Industrial Automation Stocks",Nasdaq:+0.20; Industrial Automation Stocks:+0.60,v2 deterministic ingestion | relevance=35 | flag=known,news_agent_v2
2026-03-18 22:58:50,Building the AI Grid with NVIDIA: Orchestrating Intelligence Everywhere,AI Boom,"Nasdaq, Nvidia",Nasdaq:+0.40; Nvidia:+0.80,v2 deterministic ingestion | relevance=55 | flag=known,news_agent_v2
2026-03-18 22:58:50,wandelbots-api-client 26.3.0.dev27,Robotics,"Nasdaq, Industrial Automation Stocks",Nasdaq:+0.20; Industrial Automation Stocks:+0.60,v2 deterministic ingestion | relevance=35 | flag=known,news_agent_v2
2026-03-18 22:58:50,"Robot Goes Berserk in California Restaurant, Dragged Away by Staff After Smashing Tableware","Geopolitics, Robotics","Oil, Gold, Defense Stocks, SP500, USD, Nasdaq, Industrial Automation Stocks",Oil:+0.70; Gold:+0.60; Defense Stocks:+0.70; SP500:-0.60; USD:+0.30; Nasdaq:+0.20; Industrial Automation Stocks:+0.60,v2 deterministic ingestion | relevance=75 | flag=known,news_agent_v2
2026-03-18 22:58:50,"Hands-On Preview: Capcom’s Pragmata Isn’t Just Old-School Cool, It’s Also Got Heart",AI Boom,"Nasdaq, Nvidia",Nasdaq:+0.40; Nvidia:+0.80,v2 deterministic ingestion | relevance=35 | flag=known,news_agent_v2
2026-03-18 22:58:50,It's no Nadal but this tennis-playing robot could change the future of the game,"AI Boom, Robotics","Nasdaq, Nvidia, Industrial Automation Stocks",Nasdaq:+0.40; Nvidia:+0.80; Industrial Automation Stocks:+0.60,v2 deterministic ingestion | relevance=55 | flag=known,news_agent_v2
2026-03-18 22:58:50,James Blake says 95% of his work as a producer is unpaid,AI Boom,"Nasdaq, Nvidia",Nasdaq:+0.40; Nvidia:+0.80,v2 deterministic ingestion | relevance=35 | flag=known,news_agent_v2
2026-03-18 22:58:50,A very serious guide to buying your own humanoid robot butler,Robotics,"Nasdaq, Industrial Automation Stocks",Nasdaq:+0.20; Industrial Automation Stocks:+0.60,v2 deterministic ingestion | relevance=35 | flag=known,news_agent_v2
2026-03-18 22:58:50,China Now Has Humanoid Robots That Can Play Tennis And We Simply Cannot Compete With This Technology,"Geopolitics, Robotics","Oil, Gold, Defense Stocks, SP500, USD, Nasdaq, Industrial Automation Stocks",Oil:+0.70; Gold:+0.60; Defense Stocks:+0.70; SP500:-0.60; USD:+0.30; Nasdaq:+0.20; Industrial Automation Stocks:+0.60,v2 deterministic ingestion | relevance=75 | flag=known,news_agent_v2
2026-03-18 22:58:50,Taiwan showcases AI robotics at Smart City Summit & Expo,"AI Boom, Robotics","Nasdaq, Nvidia, Industrial Automation Stocks",Nasdaq:+0.40; Nvidia:+0.80; Industrial Automation Stocks:+0.60,v2 deterministic ingestion | relevance=75 | flag=known,news_agent_v2
2026-03-18 22:58:50,"Nvidia, T-Mobile share AI-RAN vision",AI Boom,"Nasdaq, Nvidia",Nasdaq:+0.40; Nvidia:+0.80,v2 deterministic ingestion | relevance=55 | flag=known,news_agent_v2
2026-03-18 22:58:50,Alibaba Debuts Wukong AI Tool for Enterprise Clients,AI Boom,"Nasdaq, Nvidia",Nasdaq:+0.65; Nvidia:+1.00,v2 deterministic ingestion | relevance=35 | flag=known,news_agent_v2
2026-03-18 22:58:50,Starfield is coming to PlayStation 5 on April 7,,Not identified,,v2 deterministic ingestion | relevance=15 | flag=unknown,news_agent_v2
2026-03-18 22:58:50,We Saw Starfield's Big Overhaul and DLC - Is It Enough to Revive Bethesda's Space RPG?,,Not identified,,v2 deterministic ingestion | relevance=15 | flag=unknown,news_agent_v2
2026-03-18 22:58:50,"Starfield PS5 Launch, Free Lanes Update, and Terran Armada DLC: Everything Announced + Tim Lamb Q&A",,Not identified,,v2 deterministic ingestion | relevance=15 | flag=unknown,news_agent_v2
2026-03-18 22:58:50,Decoupling From China on Critical Minerals Must be a National Security Priority,"Geopolitics, Precious & Strategic Metals","Oil, Gold, Defense Stocks, SP500, USD, Copper, Mining Stocks",Oil:+0.70; Gold:+0.60; Defense Stocks:+0.70; SP500:-0.60; USD:+0.30; Copper:+0.50; Mining Stocks:+0.50,v2 deterministic ingestion | relevance=55 | flag=known,news_agent_v2
2026-03-18 22:58:50,Capital Is Repricing North American Critical Minerals: What Comes Next,,Not identified,,v2 deterministic ingestion | relevance=15 | flag=unknown,news_agent_v2
2026-03-18 22:58:50,Fictional Moon: Reality TV and SciFi Don’t Mix,,Not identified,,v2 deterministic ingestion | relevance=15 | flag=unknown,news_agent_v2
2026-03-18 22:58:50,Verde Expands Minas Americas Magnet-Rich Ionic Clay Discovery Beyond 3.5 km²; MAV_AD_0028 Returns 10 m at 0.84% TREO,,Not identified,,v2 deterministic ingestion | relevance=15 | flag=unknown,news_agent_v2
2026-03-18 22:58:50,The Invisible Metals Powering a Trillion-Dollar Economy,"Geopolitics, Energy Supply, Precious & Strategic Metals","Oil, Gold, Defense Stocks, SP500, USD, Natural Gas, Utility Stocks, Renewable Energy Companies, Copper, Mining Stocks",Oil:+0.70; Gold:+0.60; Defense Stocks:+0.70; SP500:-0.60; USD:+0.30; Natural Gas:+0.50; Utility Stocks:+0.30; Renewable Energy Companies:+0.20; Copper:+0.50; Mining Stocks:+0.50,v2 deterministic ingestion | relevance=95 | flag=known,news_agent_v2
2026-03-18 22:58:50,What would happen if oxygen was highly soluble in water?,,Not identified,,v2 deterministic ingestion | relevance=15 | flag=unknown,news_agent_v2
2026-03-18 22:58:50,Rethinking Architecture at the Scale of Planetary Systems,,Not identified,,v2 deterministic ingestion | relevance=15 | flag=unknown,news_agent_v2
2026-03-18 22:58:50,Exploring electron spin dynamics in spin chains using defects as a quantum probe,"AI Boom, Quantum Computing","Nasdaq, Nvidia",Nasdaq:+0.65; Nvidia:+1.00,v2 deterministic ingestion | relevance=75 | flag=known,news_agent_v2
2026-03-18 22:58:50,Origin of strange metallicity in a d-orbital kagome metal,AI Boom,"Nasdaq, Nvidia",Nasdaq:+0.65; Nvidia:+1.00,v2 deterministic ingestion | relevance=35 | flag=known,news_agent_v2
2026-03-18 22:58:50,MegaWatt Announces Effective Date for Consolidation of Shares,Precious & Strategic Metals,"Gold, Copper, Mining Stocks",Gold:+0.60; Copper:+0.50; Mining Stocks:+0.50,v2 deterministic ingestion | relevance=35 | flag=known,news_agent_v2
2026-03-18 22:58:50,MegaWatt Announces Effective Date for Consolidation of Shares,Precious & Strategic Metals,"Gold, Copper, Mining Stocks",Gold:+0.60; Copper:+0.50; Mining Stocks:+0.50,v2 deterministic ingestion | relevance=35 | flag=known,news_agent_v2
2026-03-18 22:58:50,"Paul Ehrlich, often called alarmist for dire warnings about human harms to the Earth, believed scientists had a responsibility to speak out",Geopolitics,"Oil, Gold, Defense Stocks, SP500, USD",Oil:+0.95; Gold:+0.85; Defense Stocks:+0.95; SP500:-0.35; USD:+0.55,v2 deterministic ingestion | relevance=55 | flag=known,news_agent_v2
2026-03-18 22:58:50,Heavy Construction Equipment Market worth $286.51 billion in 2030 | MarketsandMarkets™,,Not identified,,v2 deterministic ingestion | relevance=15 | flag=unknown,news_agent_v2
2026-03-18 22:58:50,Pan American Energy Commences Drilling at the Tharsis Project,Energy Supply,"Oil, Natural Gas, Utility Stocks, Renewable Energy Companies",Oil:+0.70; Natural Gas:+0.50; Utility Stocks:+0.30; Renewable Energy Companies:+0.20,v2 deterministic ingestion | relevance=35 | flag=known,news_agent_v2
2026-03-18 22:58:50,One Stock To Watch As the Rare Earth War Intensifies,"Geopolitics, AI Boom, Precious & Strategic Metals","Oil, Gold, Defense Stocks, SP500, USD, Nasdaq, Nvidia, Copper, Mining Stocks",Oil:+0.70; Gold:+0.60; Defense Stocks:+0.70; SP500:-0.60; USD:+0.30; Nasdaq:+0.40; Nvidia:+0.80; Copper:+0.50; Mining Stocks:+0.50,v2 deterministic ingestion | relevance=95 | flag=known,news_agent_v2
2026-03-18 22:58:50,‘Wooden satellites step in the right direction. Toxic metals linger for long in atmosphere’,,Not identified,,v2 deterministic ingestion | relevance=15 | flag=unknown,news_agent_v2
2026-03-18 22:58:50,James Carville Predicts Trump Will Just ‘F**king Walk Away’ From Presidency — Even Gives an End Date,,Not identified,,v2 deterministic ingestion | relevance=15 | flag=unknown,news_agent_v2
2026-03-18 22:58:50,US Energy Realism Pays Off in Iran Crisis,"Geopolitics, Energy Supply","Oil, Gold, Defense Stocks, SP500, USD, Natural Gas, Utility Stocks, Renewable Energy Companies",Oil:+0.45; Gold:+0.35; Defense Stocks:+0.45; SP500:-0.85; USD:+0.05; Natural Gas:+0.25; Utility Stocks:+0.05; Renewable Energy Companies:-0.05,v2 deterministic ingestion | relevance=75 | flag=known,news_agent_v2
2026-03-18 22:58:50,Skyrocketing Gas Prices Threaten Political Order Across the Globe,"Geopolitics, Energy Supply, AI Boom","Oil, Gold, Defense Stocks, SP500, USD, Natural Gas, Utility Stocks, Renewable Energy Companies, Nasdaq, Nvidia",Oil:+0.95; Gold:+0.85; Defense Stocks:+0.95; SP500:-0.35; USD:+0.55; Natural Gas:+0.75; Utility Stocks:+0.55; Renewable Energy Companies:+0.45; Nasdaq:+0.65; Nvidia:+1.00,v2 deterministic ingestion | relevance=95 | flag=known,news_agent_v2
2026-03-18 22:58:50,"Ebikes & Bikes for Everything, + Much of What I’ve Learned Riding Bikes for 75 Years (Part I)",,Not identified,,v2 deterministic ingestion | relevance=15 | flag=unknown,news_agent_v2
2026-03-18 22:58:50,The Fed Keeps Getting Hit With New Shocks in Its Yearslong Inflation Fight - WSJ,"Geopolitics, Inflation, Energy Supply","Oil, Gold, Defense Stocks, SP500, USD, US10Y, Natural Gas, Utility Stocks, Renewable Energy Companies",Oil:+0.45; Gold:+0.35; Defense Stocks:+0.45; SP500:-0.55; USD:+0.05; US10Y:+0.15; Natural Gas:+0.25; Utility Stocks:+0.05; Renewable Energy Companies:-0.05,v2 deterministic ingestion | relevance=95 | flag=known,news_agent_v2
2026-03-18 22:58:50,Bitcoin's rally faces key hurdle with Wednesday's Fed meeting,"Inflation, AI Boom","Gold, US10Y, USD, SP500, Nasdaq, Nvidia",Gold:+0.30; US10Y:+0.40; USD:+0.20; SP500:-0.30; Nasdaq:+0.40; Nvidia:+0.80,v2 deterministic ingestion | relevance=75 | flag=known,news_agent_v2
2026-03-18 22:58:50,Evaxion to present new data at AACR Annual Meeting,AI Boom,"Nasdaq, Nvidia",Nasdaq:+0.40; Nvidia:+0.80,v2 deterministic ingestion | relevance=35 | flag=known,news_agent_v2
2026-03-18 22:58:50,2 Australian dividend stars that still offer a good price,,Not identified,,v2 deterministic ingestion | relevance=15 | flag=unknown,news_agent_v2
2026-03-18 22:58:50,Cibus Reports Fourth Quarter Financial Results and Provides Business Update,AI Boom,"Nasdaq, Nvidia",Nasdaq:+0.40; Nvidia:+0.80,v2 deterministic ingestion | relevance=35 | flag=known,news_agent_v2
2026-03-18 22:58:50,Can Capitalism Solve the Climate Crisis?,,Not identified,,v2 deterministic ingestion | relevance=15 | flag=unknown,news_agent_v2
2026-03-18 22:58:50,Who are the athletes with the most endorsement money ever as Shohei Ohtani sets a new historic record,,Not identified,,v2 deterministic ingestion | relevance=15 | flag=unknown,news_agent_v2
2026-03-18 22:58:50,Gold IRA minimum investments: What to expect and questions to ask upfront,Precious & Strategic Metals,"Gold, Copper, Mining Stocks",Gold:+0.60; Copper:+0.50; Mining Stocks:+0.50,v2 deterministic ingestion | relevance=35 | flag=known,news_agent_v2
2026-03-18 22:58:50,Wyoming Socks Away Millions in Gold in a Vault,Precious & Strategic Metals,"Gold, Copper, Mining Stocks",Gold:+0.60; Copper:+0.50; Mining Stocks:+0.50,v2 deterministic ingestion | relevance=35 | flag=known,news_agent_v2
2026-03-18 22:58:50,Moody’s recession odds hit ‘point of no return’ preparing Bitcoin to show its true market value in 2026,"Geopolitics, Economic Slowdown","Oil, Gold, Defense Stocks, SP500, USD, Nasdaq",Oil:+0.70; Gold:+0.60; Defense Stocks:+0.70; SP500:-0.50; USD:+0.30; Nasdaq:-0.40,v2 deterministic ingestion | relevance=75 | flag=known,news_agent_v2
2026-03-18 22:58:50,Energy opens applications for $293 million in research funding,"Inflation, Energy Supply","Gold, US10Y, USD, SP500, Oil, Natural Gas, Utility Stocks, Renewable Energy Companies",Gold:+0.30; US10Y:+0.40; USD:+0.20; SP500:-0.30; Oil:+0.70; Natural Gas:+0.50; Utility Stocks:+0.30; Renewable Energy Companies:+0.20,v2 deterministic ingestion | relevance=65 | flag=known,news_agent_v2
2026-03-18 22:58:50,READ IN FULL: Rachel Reeves’ Brexit-Bashing Mais Lecture,AI Boom,"Nasdaq, Nvidia",Nasdaq:+0.40; Nvidia:+0.80,v2 deterministic ingestion | relevance=25 | flag=known,news_agent_v2
2026-03-18 22:58:50,Mais Lecture 2026,AI Boom,"Nasdaq, Nvidia",Nasdaq:+0.40; Nvidia:+0.80,v2 deterministic ingestion | relevance=25 | flag=known,news_agent_v2
2026-03-18 22:58:50,Five Breakthrough AV Technologies: Dreame’s Premium AV Brand INNIX Highlights a High-End Home Cinema Lineup at AWE 2026,,Not identified,,v2 deterministic ingestion | relevance=5 | flag=unknown,news_agent_v2
2026-03-18 22:58:50,Sono-Tek Announces Technical Collaboration with Diamond Quanta to Support Precision Coating Integration for Engineered Diamond Applications,,Not identified,,v2 deterministic ingestion | relevance=5 | flag=unknown,news_agent_v2
2026-03-18 22:58:50,Which March Madness school has most famous alumni? Check out our celebrity bracket,,Not identified,,v2 deterministic ingestion | relevance=5 | flag=unknown,news_agent_v2
2026-03-18 22:58:50,"UK’s ""Quantum leap""  to help beat disease, deliver high-paid jobs, and strengthen national security, as first country in the world to roll out Quantum computers at scale","Geopolitics, AI Boom, Quantum Computing","Oil, Gold, Defense Stocks, SP500, USD, Nasdaq, Nvidia",Oil:+0.70; Gold:+0.60; Defense Stocks:+0.70; SP500:-0.60; USD:+0.30; Nasdaq:+0.40; Nvidia:+0.80,v2 deterministic ingestion | relevance=85 | flag=known,news_agent_v2
2026-03-18 22:58:50,"OTI Lumionics Establishes New Computational Chemistry Benchmark, Outperforming Traditional Quantum Models","AI Boom, Quantum Computing","Nasdaq, Nvidia",Nasdaq:+0.40; Nvidia:+0.80,v2 deterministic ingestion | relevance=65 | flag=known,news_agent_v2
2026-03-18 22:58:50,"Dell expands AI Factory with new data platform, infrastructure and agentic AI features",AI Boom,"Nasdaq, Nvidia",Nasdaq:+0.65; Nvidia:+1.00,v2 deterministic ingestion | relevance=25 | flag=known,news_agent_v2
2026-03-18 22:58:50,Nvidia introduces platform for large-scale AI training and inference,"Geopolitics, AI Boom","Oil, Gold, Defense Stocks, SP500, USD, Nasdaq, Nvidia",Oil:+0.70; Gold:+0.60; Defense Stocks:+0.70; SP500:-0.60; USD:+0.30; Nasdaq:+0.40; Nvidia:+0.80,v2 deterministic ingestion | relevance=65 | flag=known,news_agent_v2
2026-03-18 22:58:50,NVIDIA Vera Rubin Opens Agentic AI Frontier,AI Boom,"Nasdaq, Nvidia",Nasdaq:+0.40; Nvidia:+0.80,v2 deterministic ingestion | relevance=45 | flag=known,news_agent_v2
2026-03-18 22:58:50,NVIDIA Vera Rubin Opens Agentic AI Frontier,AI Boom,"Nasdaq, Nvidia",Nasdaq:+0.40; Nvidia:+0.80,v2 deterministic ingestion | relevance=45 | flag=known,news_agent_v2
2026-03-18 22:58:50,"Samsung has reportedly restarted work on OLED-busting 'QNED' TV tech — no, not the kind that LG sells, a whole other type of QNED",,Not identified,,v2 deterministic ingestion | relevance=5 | flag=unknown,news_agent_v2
2026-03-18 22:58:50,Star Equity Holdings Reports 2025 Fourth Quarter and Full-Year Results,,Not identified,,v2 deterministic ingestion | relevance=5 | flag=unknown,news_agent_v2
2026-03-18 22:58:50,AI boom creating shortage of key elements for consumer technology,AI Boom,"Nasdaq, Nvidia",Nasdaq:+0.40; Nvidia:+0.80,v2 deterministic ingestion | relevance=25 | flag=known,news_agent_v2
2026-03-18 22:58:50,"Global Extended Detection and Response (XDR) Market Size/Share Worth USD 6.1 Billion by 2034 at a 21% CAGR: Business Research Industry (Analysis, Outlook, Leaders, Report, Trends, Forecast, Segmentation, Growth, Growth Rate, Value)",Geopolitics,"Oil, Gold, Defense Stocks, SP500, USD",Oil:+0.95; Gold:+0.85; Defense Stocks:+0.95; SP500:-0.35; USD:+0.55,v2 deterministic ingestion | relevance=25 | flag=known,news_agent_v2
2026-03-18 22:58:50,"Jensen says Nvidia has received orders from Chinese customers for H200 GPUs, licenses from US gov't — H200 manufacturing restarting","Geopolitics, AI Boom","Oil, Gold, Defense Stocks, SP500, USD, Nasdaq, Nvidia",Oil:+0.70; Gold:+0.60; Defense Stocks:+0.70; SP500:-0.60; USD:+0.30; Nasdaq:+0.40; Nvidia:+0.80,v2 deterministic ingestion | relevance=65 | flag=known,news_agent_v2
2026-03-18 22:58:50,"Interview: China's openness, tech drive create opportunities for KION: CEO","Geopolitics, AI Boom","Oil, Gold, Defense Stocks, SP500, USD, Nasdaq, Nvidia",Oil:+0.70; Gold:+0.60; Defense Stocks:+0.70; SP500:-0.60; USD:+0.30; Nasdaq:+0.40; Nvidia:+0.80,v2 deterministic ingestion | relevance=45 | flag=known,news_agent_v2
2026-03-18 22:58:50,"Nvidia restarting manufacturing of China AI chip variant, CEO says","Geopolitics, AI Boom","Oil, Gold, Defense Stocks, SP500, USD, Nasdaq, Nvidia",Oil:+0.70; Gold:+0.60; Defense Stocks:+0.70; SP500:-0.60; USD:+0.30; Nasdaq:+0.40; Nvidia:+0.80,v2 deterministic ingestion | relevance=65 | flag=known,news_agent_v2
2026-03-18 22:58:50,UK and Ukraine look to sell drone technology,AI Boom,"Nasdaq, Nvidia",Nasdaq:+0.40; Nvidia:+0.80,v2 deterministic ingestion | relevance=25 | flag=known,news_agent_v2
2026-03-18 22:58:50,Trump Advisor Says Pain for U.S. Consumers ‘Last of Our Concerns’ as Other Countries Start Gas Rationing,"Geopolitics, Energy Supply, AI Boom","Oil, Gold, Defense Stocks, SP500, USD, Natural Gas, Utility Stocks, Renewable Energy Companies, Nasdaq, Nvidia",Oil:+0.70; Gold:+0.60; Defense Stocks:+0.70; SP500:-0.60; USD:+0.30; Natural Gas:+0.50; Utility Stocks:+0.30; Renewable Energy Companies:+0.20; Nasdaq:+0.40; Nvidia:+0.80,v2 deterministic ingestion | relevance=85 | flag=known,news_agent_v2
2026-03-18 22:58:50,"Ambulatory EHR Market to Reach USD 8,323.73 Million by 2032 Amid Rising Outpatient Volumes, Cloud Adoption, and Interoperable Digital Care Platforms - Credence Research",,Not identified,,v2 deterministic ingestion | relevance=5 | flag=unknown,news_agent_v2
2026-03-18 22:58:50,Small Drones Market to Reach $13.7Bn by 2036 as Defence Demand and AI Capabilities Drive Growth,AI Boom,"Nasdaq, Nvidia",Nasdaq:+0.65; Nvidia:+1.00,v2 deterministic ingestion | relevance=25 | flag=known,news_agent_v2
2026-03-18 22:58:50,Tim Cook Reflects on Apple’s 50-Year Legacy [VIDEO],"Inflation, AI Boom","Gold, US10Y, USD, SP500, Nasdaq, Nvidia",Gold:+0.30; US10Y:+0.40; USD:+0.20; SP500:-0.30; Nasdaq:+0.40; Nvidia:+0.80,v2 deterministic ingestion | relevance=45 | flag=known,news_agent_v2
2026-03-18 22:58:50,SK Group expects over 20% wafer shortage until 2030,,Not identified,,v2 deterministic ingestion | relevance=5 | flag=unknown,news_agent_v2
2026-03-18 22:58:50,Monetizing the AI opportunity: How Cisco AI Grid with NVIDIA transforms networks into AI platforms,AI Boom,"Nasdaq, Nvidia",Nasdaq:+0.40; Nvidia:+0.80,v2 deterministic ingestion | relevance=45 | flag=known,news_agent_v2
2026-03-18 22:58:50,"DEADLINE ALERT for ORCL, PSFE, INO, KD: Law Offices of Howard G. Smith Reminds Investors of Opportunity to Lead Securities Fraud Class Actions",Geopolitics,"Oil, Gold, Defense Stocks, SP500, USD",Oil:+0.70; Gold:+0.60; Defense Stocks:+0.70; SP500:-0.60; USD:+0.30,v2 deterministic ingestion | relevance=45 | flag=known,news_agent_v2
2026-03-18 22:58:50,If you thought the code writing speed was your problem; you have bigger problems,AI Boom,"Nasdaq, Nvidia",Nasdaq:+0.40; Nvidia:+0.80,v2 deterministic ingestion | relevance=25 | flag=known,news_agent_v2
2026-03-18 22:58:50,Elon Musk Announces Launch Date for Tesla's In-House AI Chip Manufacturing Project,"Geopolitics, AI Boom","Oil, Gold, Defense Stocks, SP500, USD, Nasdaq, Nvidia",Oil:+0.70; Gold:+0.60; Defense Stocks:+0.70; SP500:-0.60; USD:+0.30; Nasdaq:+0.40; Nvidia:+0.80,v2 deterministic ingestion | relevance=65 | flag=known,news_agent_v2
2026-03-18 22:58:50,"HPE Cray GX5000 and AI Factory Get NVIDIA Vera Rubin NVL72, Quantum-X800 InfiniBand, and New Blackwell Options","Geopolitics, AI Boom, Quantum Computing","Oil, Gold, Defense Stocks, SP500, USD, Nasdaq, Nvidia",Oil:+0.70; Gold:+0.60; Defense Stocks:+0.70; SP500:-0.60; USD:+0.30; Nasdaq:+0.40; Nvidia:+0.80,v2 deterministic ingestion | relevance=85 | flag=known,news_agent_v2
2026-03-18 22:58:50,"AI was supposed to kill off consultants. It’s not happening, Capgemini’s strategy chief says",AI Boom,"Nasdaq, Nvidia",Nasdaq:+0.40; Nvidia:+0.80,v2 deterministic ingestion | relevance=25 | flag=known,news_agent_v2
2026-03-18 22:58:50,"Lenovo Expands Hybrid AI Advantage with NVIDIA at GTC 2026: New Inference Platforms, Workstations, and Rack-Scale AI Cloud",AI Boom,"Nasdaq, Nvidia",Nasdaq:+0.65; Nvidia:+1.00,v2 deterministic ingestion | relevance=45 | flag=known,news_agent_v2
2026-03-18 22:58:50,"Nvidia details CloudXR for visionOS 26.4, enabling ‘Immersive for Autodesk VRED’ app",AI Boom,"Nasdaq, Nvidia",Nasdaq:+0.40; Nvidia:+0.80,v2 deterministic ingestion | relevance=45 | flag=known,news_agent_v2
2026-03-18 22:58:50,BMW brings back the i3 as a funky four-door EV,,Not identified,,v2 deterministic ingestion | relevance=5 | flag=unknown,news_agent_v2
2026-03-18 22:58:50,"HPE adds Blackwell, Rubin systems to Nvidia-backed sovereign AI push",AI Boom,"Nasdaq, Nvidia",Nasdaq:+0.40; Nvidia:+0.80,v2 deterministic ingestion | relevance=45 | flag=known,news_agent_v2
2026-03-18 22:58:50,"UPDATED — ZenaTech Develops Low-Cost, Single-Use Autonomous Interceptor Drone for ZenaDrone’s Counter-UAS System for US Defense, Middle East, and Ukraine Use",AI Boom,"Nasdaq, Nvidia",Nasdaq:+0.40; Nvidia:+0.80,v2 deterministic ingestion | relevance=25 | flag=known,news_agent_v2
2026-03-18 22:58:50,Illegal liquor bust in Chatra: Spurious liquor manufacturing unit raided in Chatra; Three arrested as authorities ramp up crackdown ahead of festivals,AI Boom,"Nasdaq, Nvidia",Nasdaq:+0.40; Nvidia:+0.80,v2 deterministic ingestion | relevance=25 | flag=known,news_agent_v2
2026-03-18 22:58:50,Donut Lab Solid-State Battery Real World Testing Performance,"Energy Supply, AI Boom","Oil, Natural Gas, Utility Stocks, Renewable Energy Companies, Nasdaq, Nvidia",Oil:+0.70; Natural Gas:+0.50; Utility Stocks:+0.30; Renewable Energy Companies:+0.20; Nasdaq:+0.40; Nvidia:+0.80,v2 deterministic ingestion | relevance=45 | flag=known,news_agent_v2
2026-03-18 22:58:50,OpenAI Robotics Lead Quits Citing Ethics Concerns,"Inflation, AI Boom, Robotics","Gold, US10Y, USD, SP500, Nasdaq, Nvidia, Industrial Automation Stocks",Gold:+0.30; US10Y:+0.40; USD:+0.20; SP500:-0.30; Nasdaq:+0.40; Nvidia:+0.80; Industrial Automation Stocks:+0.60,v2 deterministic ingestion | relevance=85 | flag=known,news_agent_v2
2026-03-18 22:58:50,"ASUS TUF Gaming A14 Packs Big Power into a Portable 14-Inch Design, Now in Canada",AI Boom,"Nasdaq, Nvidia",Nasdaq:+0.65; Nvidia:+1.00,v2 deterministic ingestion | relevance=25 | flag=known,news_agent_v2
2026-03-18 22:58:50,Weekly Climate and Energy News Roundup #683,Energy Supply,"Oil, Natural Gas, Utility Stocks, Renewable Energy Companies",Oil:+0.70; Natural Gas:+0.50; Utility Stocks:+0.30; Renewable Energy Companies:+0.20,v2 deterministic ingestion | relevance=25 | flag=known,news_agent_v2
2026-03-18 22:58:50,"American Small Business Owners, Manufacturers Still Feeling The Squeeze From Trump’s Tariffs",,Not identified,,v2 deterministic ingestion | relevance=5 | flag=unknown,news_agent_v2
2026-03-18 22:58:50,ST Engineering iDirect Launches Intuition Foresight to Automate Network Management and Service Provisioning,AI Boom,"Nasdaq, Nvidia",Nasdaq:+0.40; Nvidia:+0.80,v2 deterministic ingestion | relevance=25 | flag=known,news_agent_v2
2026-03-18 22:58:50,Trump’s War on Iran Could Cost Trillions,"Geopolitics, Inflation, AI Boom","Oil, Gold, Defense Stocks, SP500, USD, US10Y, Nasdaq, Nvidia",Oil:+0.70; Gold:+0.60; Defense Stocks:+0.70; SP500:-0.30; USD:+0.30; US10Y:+0.40; Nasdaq:+0.40; Nvidia:+0.80,v2 deterministic ingestion | relevance=85 | flag=known,news_agent_v2
2026-03-18 22:58:50,"Accelerate enterprise AI with Cisco, Red Hat, and NVIDIA","Geopolitics, AI Boom","Oil, Gold, Defense Stocks, SP500, USD, Nasdaq, Nvidia",Oil:+0.95; Gold:+0.85; Defense Stocks:+0.95; SP500:-0.35; USD:+0.55; Nasdaq:+0.65; Nvidia:+1.00,v2 deterministic ingestion | relevance=65 | flag=known,news_agent_v2
2026-03-18 22:58:50,Global Mechanical Seals Market Poised for Strong Growth as Industrial Automation and Process Efficiency Drive Adoption: Verified Market Research®,"Energy Supply, Robotics","Oil, Natural Gas, Utility Stocks, Renewable Energy Companies, Nasdaq, Industrial Automation Stocks",Oil:+0.95; Natural Gas:+0.75; Utility Stocks:+0.55; Renewable Energy Companies:+0.45; Nasdaq:+0.45; Industrial Automation Stocks:+0.85,v2 deterministic ingestion | relevance=65 | flag=known,news_agent_v2
2026-03-18 22:58:50,"Prefabricated Construction Market Outlook: USD 413 Billion Opportunity by 2031 Led by Volumetric Modular Buildings with 47.4% Share in 2025, Reports Mordor Intelligence",Energy Supply,"Oil, Natural Gas, Utility Stocks, Renewable Energy Companies",Oil:+0.95; Natural Gas:+0.75; Utility Stocks:+0.55; Renewable Energy Companies:+0.45,v2 deterministic ingestion | relevance=25 | flag=known,news_agent_v2
2026-03-18 22:58:50,"‘Somebody, Somewhere’ Star Jeff Hiller Named L.A. Pride Parade Grand Marshal (EXCLUSIVE)",,Not identified,,v2 deterministic ingestion | relevance=5 | flag=unknown,news_agent_v2
2026-03-18 22:58:50,LL-37 selectively targets Plasmodium-infected erythrocytes and exhibits antimalarial activity,AI Boom,"Nasdaq, Nvidia",Nasdaq:+0.40; Nvidia:+0.80,v2 deterministic ingestion | relevance=25 | flag=known,news_agent_v2
2026-03-18 22:58:50,"Minister Sa'ar: US had $10 million prize on Larijani's head, we did it for free",Geopolitics,"Oil, Gold, Defense Stocks, SP500, USD",Oil:+0.70; Gold:+0.60; Defense Stocks:+0.70; SP500:-0.60; USD:+0.30,v2 deterministic ingestion | relevance=25 | flag=known,news_agent_v2
2026-03-18 22:58:50,Cato Networks rolls out Neural Edge and AI Security to protect enterprise AI workloads,"Geopolitics, AI Boom","Oil, Gold, Defense Stocks, SP500, USD, Nasdaq, Nvidia",Oil:+0.95; Gold:+0.85; Defense Stocks:+0.95; SP500:-0.35; USD:+0.55; Nasdaq:+0.65; Nvidia:+1.00,v2 deterministic ingestion | relevance=45 | flag=known,news_agent_v2
2026-03-18 22:58:50,Winningest NCAA basketball coaches of all time,,Not identified,,v2 deterministic ingestion | relevance=5 | flag=unknown,news_agent_v2
2026-03-18 22:58:50,Zelenskyy will discuss Russia-Ukraine war with British leader and NATO chief,"Geopolitics, AI Boom","Oil, Gold, Defense Stocks, SP500, USD, Nasdaq, Nvidia",Oil:+0.70; Gold:+0.60; Defense Stocks:+0.70; SP500:-0.60; USD:+0.30; Nasdaq:+0.40; Nvidia:+0.80,v2 deterministic ingestion | relevance=65 | flag=known,news_agent_v2
2026-03-18 22:58:50,"Neuroscale AI Secures $540,000 DoD SBIR Phase II (D2P2) Award to Advance Secure Multimodal AI for Federal Decision-Making","Geopolitics, Inflation, AI Boom","Oil, Gold, Defense Stocks, SP500, USD, US10Y, Nasdaq, Nvidia",Oil:+0.70; Gold:+0.60; Defense Stocks:+0.70; SP500:-0.30; USD:+0.30; US10Y:+0.40; Nasdaq:+0.40; Nvidia:+0.80,v2 deterministic ingestion | relevance=85 | flag=known,news_agent_v2
2026-03-18 22:58:50,"UK, Ukraine to sign defense pact eyeing drone threats",AI Boom,"Nasdaq, Nvidia",Nasdaq:+0.40; Nvidia:+0.80,v2 deterministic ingestion | relevance=25 | flag=known,news_agent_v2
2026-03-18 22:58:50,Iran war shows how AI speeds up military ‘kill chains’,"Geopolitics, AI Boom","Oil, Gold, Defense Stocks, SP500, USD, Nasdaq, Nvidia",Oil:+0.70; Gold:+0.60; Defense Stocks:+0.70; SP500:-0.60; USD:+0.30; Nasdaq:+0.40; Nvidia:+0.80,v2 deterministic ingestion | relevance=65 | flag=known,news_agent_v2
2026-03-18 22:58:50,Gecko Robotics Announces $71m Deal to Slash U.S. Navy Maintenance Delays and Increase Readiness,"AI Boom, Robotics","Nasdaq, Nvidia, Industrial Automation Stocks",Nasdaq:+0.40; Nvidia:+0.80; Industrial Automation Stocks:+0.60,v2 deterministic ingestion | relevance=65 | flag=known,news_agent_v2
2026-03-18 22:58:50,SEN WICKER: Ending China’s drone dominance with a made-in-America revival,Geopolitics,"Oil, Gold, Defense Stocks, SP500, USD",Oil:+0.70; Gold:+0.60; Defense Stocks:+0.70; SP500:-0.60; USD:+0.30,v2 deterministic ingestion | relevance=25 | flag=known,news_agent_v2
2026-03-18 22:58:50,The Palantir guide to stopping World War III,"Geopolitics, Inflation","Oil, Gold, Defense Stocks, SP500, USD, US10Y",Oil:+0.70; Gold:+0.60; Defense Stocks:+0.70; SP500:-0.30; USD:+0.30; US10Y:+0.40,v2 deterministic ingestion | relevance=65 | flag=known,news_agent_v2
2026-03-18 22:58:50,NIWC Pacific AI Program to Guide Next-Generation Chip Development,"Geopolitics, AI Boom","Oil, Gold, Defense Stocks, SP500, USD, Nasdaq, Nvidia",Oil:+0.70; Gold:+0.60; Defense Stocks:+0.70; SP500:-0.60; USD:+0.30; Nasdaq:+0.40; Nvidia:+0.80,v2 deterministic ingestion | relevance=65 | flag=known,news_agent_v2
2026-03-18 22:58:50,"The polls and ND’s higher numbers, leader Nikos A. fills a Wembley, OPEKEPE 2 involves MPs (not ministers?), National Bank and Allianz","Inflation, Energy Supply","Gold, US10Y, USD, SP500, Oil, Natural Gas, Utility Stocks, Renewable Energy Companies",Gold:+0.30; US10Y:+0.40; USD:+0.20; SP500:-0.30; Oil:+0.70; Natural Gas:+0.50; Utility Stocks:+0.30; Renewable Energy Companies:+0.20,v2 deterministic ingestion | relevance=45 | flag=known,news_agent_v2
2026-03-18 22:58:50,New energy policies in California threatening America’s national security.,"Geopolitics, Energy Supply, AI Boom","Oil, Gold, Defense Stocks, SP500, USD, Natural Gas, Utility Stocks, Renewable Energy Companies, Nasdaq, Nvidia",Oil:+0.70; Gold:+0.60; Defense Stocks:+0.70; SP500:-0.60; USD:+0.30; Natural Gas:+0.50; Utility Stocks:+0.30; Renewable Energy Companies:+0.20; Nasdaq:+0.40; Nvidia:+0.80,v2 deterministic ingestion | relevance=65 | flag=known,news_agent_v2
2026-03-18 22:58:50,Historic Support to Expedite New Power to Southwest Power Pool,"Inflation, Energy Supply","Gold, US10Y, USD, SP500, Oil, Natural Gas, Utility Stocks, Renewable Energy Companies",Gold:+0.30; US10Y:+0.40; USD:+0.20; SP500:-0.30; Oil:+0.70; Natural Gas:+0.50; Utility Stocks:+0.30; Renewable Energy Companies:+0.20,v2 deterministic ingestion | relevance=65 | flag=known,news_agent_v2
2026-03-18 22:58:50,"Ukraine ready to jump in to help US as other American allies drag feet, Zelensky tells Post",AI Boom,"Nasdaq, Nvidia",Nasdaq:+0.40; Nvidia:+0.80,v2 deterministic ingestion | relevance=25 | flag=known,news_agent_v2
2026-03-18 22:58:50,Trump Warns that Iran Is Using AI to Create ‘Disinformation Weapons’,"Geopolitics, AI Boom","Oil, Gold, Defense Stocks, SP500, USD, Nasdaq, Nvidia",Oil:+0.70; Gold:+0.60; Defense Stocks:+0.70; SP500:-0.60; USD:+0.30; Nasdaq:+0.40; Nvidia:+0.80,v2 deterministic ingestion | relevance=65 | flag=known,news_agent_v2
2026-03-18 22:58:50,"HPE broadens AI factory with new Blackwell servers, private cloud upgrades and Rubin infrastructure",AI Boom,"Nasdaq, Nvidia",Nasdaq:+0.65; Nvidia:+1.00,v2 deterministic ingestion | relevance=45 | flag=known,news_agent_v2
2026-03-18 22:58:50,Securing Enterprise Agents with NVIDIA OpenShell and Cisco AI Defense,"Geopolitics, AI Boom","Oil, Gold, Defense Stocks, SP500, USD, Nasdaq, Nvidia",Oil:+0.95; Gold:+0.85; Defense Stocks:+0.95; SP500:-0.35; USD:+0.55; Nasdaq:+0.65; Nvidia:+1.00,v2 deterministic ingestion | relevance=65 | flag=known,news_agent_v2
2026-03-18 22:58:50,Kodiak AI Scales Autonomous Driving with NVIDIA DRIVE Hyperion,AI Boom,"Nasdaq, Nvidia",Nasdaq:+0.40; Nvidia:+0.80,v2 deterministic ingestion | relevance=45 | flag=known,news_agent_v2
2026-03-18 22:58:50,"Cisco Secure AI Factory with NVIDIA Makes AI Easier to Deploy and Secure, Anywhere Organizations Need It",AI Boom,"Nasdaq, Nvidia",Nasdaq:+0.40; Nvidia:+0.80,v2 deterministic ingestion | relevance=45 | flag=known,news_agent_v2
2026-03-18 22:58:50,Hedge fund pushes for changes at Six Flags,AI Boom,"Nasdaq, Nvidia",Nasdaq:+0.65; Nvidia:+1.00,v2 deterministic ingestion | relevance=25 | flag=known,news_agent_v2
2026-03-18 22:58:50,"Prelude Therapeutics Announces Acceptance of Preclinical Abstract for PRT13722, a First-in-Class Oral KAT6A Selective Degrader at the 2026 AACR Annual Meeting",,Not identified,,v2 deterministic ingestion | relevance=5 | flag=unknown,news_agent_v2
2026-03-18 22:58:50,Trump Adviser Says War-Induced Pain to Consumers Is “the Last of Our Concerns”,"Geopolitics, AI Boom","Oil, Gold, Defense Stocks, SP500, USD, Nasdaq, Nvidia",Oil:+0.70; Gold:+0.60; Defense Stocks:+0.70; SP500:-0.60; USD:+0.30; Nasdaq:+0.40; Nvidia:+0.80,v2 deterministic ingestion | relevance=65 | flag=known,news_agent_v2
2026-03-18 22:58:50,lululemon athletica inc. Announces Fourth Quarter and Full Year Fiscal 2025 Results,,Not identified,,v2 deterministic ingestion | relevance=5 | flag=unknown,news_agent_v2
2026-03-18 22:58:50,"Ormat Technologies, Inc. Announces Proposed Offering of $600 Million of Series A Convertible Senior Notes and $150 Million of Series B Convertible Senior Notes",,Not identified,,v2 deterministic ingestion | relevance=5 | flag=unknown,news_agent_v2
2026-03-18 22:58:50,Ethereum Whales Step In: $33M ETH Withdrawn From Exchanges In Hours,"Geopolitics, AI Boom","Oil, Gold, Defense Stocks, SP500, USD, Nasdaq, Nvidia",Oil:+0.70; Gold:+0.60; Defense Stocks:+0.70; SP500:-0.60; USD:+0.30; Nasdaq:+0.40; Nvidia:+0.80,v2 deterministic ingestion | relevance=65 | flag=known,news_agent_v2
2026-03-18 22:58:50,What If Elon Musk's Grok Leaks Classified Info? Elizabeth Warren Is Worried—The Pentagon Isn't,"Geopolitics, AI Boom","Oil, Gold, Defense Stocks, SP500, USD, Nasdaq, Nvidia",Oil:+0.70; Gold:+0.60; Defense Stocks:+0.70; SP500:-0.60; USD:+0.30; Nasdaq:+0.40; Nvidia:+0.80,v2 deterministic ingestion | relevance=65 | flag=known,news_agent_v2
2026-03-18 22:58:50,"No severe shocks despite crises, says Sitharaman as she highlights India's economic strength","Geopolitics, Inflation","Oil, Gold, Defense Stocks, SP500, USD, US10Y",Oil:+0.45; Gold:+0.35; Defense Stocks:+0.45; SP500:-0.55; USD:+0.05; US10Y:+0.15,v2 deterministic ingestion | relevance=65 | flag=known,news_agent_v2
2026-03-18 22:58:50,EASE Logistics' Mike Rill Among Supply Chain's 2026 Pros to Know,AI Boom,"Nasdaq, Nvidia",Nasdaq:+0.40; Nvidia:+0.80,v2 deterministic ingestion | relevance=25 | flag=known,news_agent_v2
2026-03-18 22:58:50,Senator introduces bill to draw red lines limiting AI use by military,"Geopolitics, AI Boom","Oil, Gold, Defense Stocks, SP500, USD, Nasdaq, Nvidia",Oil:+0.70; Gold:+0.60; Defense Stocks:+0.70; SP500:-0.60; USD:+0.30; Nasdaq:+0.40; Nvidia:+0.80,v2 deterministic ingestion | relevance=45 | flag=known,news_agent_v2
2026-03-18 22:58:50,Middle East war forces pharmaceutical companies to divert critical medicines,Geopolitics,"Oil, Gold, Defense Stocks, SP500, USD",Oil:+0.70; Gold:+0.60; Defense Stocks:+0.70; SP500:-0.60; USD:+0.30,v2 deterministic ingestion | relevance=45 | flag=known,news_agent_v2
2026-03-18 22:58:50,"The Pentagon is developing alternatives to Anthropic, report says | TechCrunch",,Not identified,,v2 deterministic ingestion | relevance=5 | flag=unknown,news_agent_v2
2026-03-18 22:58:50,Samsung starts buying Chinese display panels for its mid-range smartphones,AI Boom,"Nasdaq, Nvidia",Nasdaq:+0.40; Nvidia:+0.80,v2 deterministic ingestion | relevance=25 | flag=known,news_agent_v2
2026-03-18 22:58:50,BNB Chain Momentum Grows As Total RWA Value Hits $3B,AI Boom,"Nasdaq, Nvidia",Nasdaq:+0.40; Nvidia:+0.80,v2 deterministic ingestion | relevance=25 | flag=known,news_agent_v2
2026-03-18 22:58:50,Oil's fair in love and war: How crude prices could decide Trump’s Iran gamble,"Geopolitics, Energy Supply, AI Boom","Oil, Gold, Defense Stocks, SP500, USD, Natural Gas, Utility Stocks, Renewable Energy Companies, Nasdaq, Nvidia",Oil:+0.95; Gold:+0.85; Defense Stocks:+0.95; SP500:-0.35; USD:+0.55; Natural Gas:+0.75; Utility Stocks:+0.55; Renewable Energy Companies:+0.45; Nasdaq:+0.65; Nvidia:+1.00,v2 deterministic ingestion | relevance=85 | flag=known,news_agent_v2
2026-03-18 22:58:50,"Nuvocargo Launches Nuvo AI, the First AI-Native Freight Execution Engine for North American Shippers",AI Boom,"Nasdaq, Nvidia",Nasdaq:+0.40; Nvidia:+0.80,v2 deterministic ingestion | relevance=25 | flag=known,news_agent_v2
